    <monitor>
        <name>KafkaMonitor</name>
        <type>managed</type>
        <description>Kafka monitor</description>
        <monitor-configuration></monitor-configuration>
        <monitor-run-task>
                <execution-style>periodic</execution-style>
                <execution-frequency-in-seconds>60</execution-frequency-in-seconds>
                <name>Kafka Monitor Run Task</name>
                <display-name>Kafka Monitor Task</display-name>
                <description>Kafka Monitor Task</description>
                <type>java</type>
                <execution-timeout-in-secs>60</execution-timeout-in-secs>
                <task-arguments>
                    <!-- config file-->
                    <argument name="config-file" is-required="true" default-value="monitors/KafkaMonitor/config.yml" />
                </task-arguments>
                <java-task>
                        <classpath>kafka-monitoring-extension.jar</classpath>
                        <impl-class>com.appdynamics.monitors.kafka.KafkaMonitor</impl-class>
                </java-task>
        </monitor-run-task>
</monitor>